Crit√®res,Page d'accueil
"1.1","C"
"1.2","NC"
"1.3",""
"1.4","NC"
"1.5",""
"1.6",""
"1.7",""
"1.8",""
"2.1",""
"2.2","C"
"2.3","NA"
"3.1","NA"
"3.2","NA"
"3.3","NA"
"3.4","NA"
"3.5","NA"
"3.6",""
"3.7",""
"3.8",""
"3.9",""
"3.11","C"
"3.12","C"
"3.13","C"
"3.14","C"
"3.15","C"
"3.16","C"
"3.17",""
"4.1","nc"
"4.2","nc"
"4.3","nc"
"4.4","nc"
"5.1","nc"
"5.2",""
"5.3",""
"5.4",""
"6.1",""
"7.1",""
"8.1",""
"8.2",""
"8.3",""
"8.4",""
"8.5",""
"8.6",""
"9.1",""
"9.2",""
"9.3",""
"9.4",""
"9.5",""
"9.6",""
"9.7",""
"9.8",""
"9.9",""
"9.10",""
"9.11",""
"10.1",""
"10.2",""
"10.3",""
"11.1",""
"11.2",""
"11.3",""
"11.4",""
"11.5",""
"11.6",""
"11.7",""
"11.8",""
"11.9",""
"11.10",""
"11.11",""
"11.12",""
"11.13",""
"11.14",""
"11.15",""
"12.1",""
"12.2",""
"12.3",""
"13.1",""
"13.2",""
"13.3",""
"13.4",""
"13.5",""
"14.1",""
"15.1",""
"15.2",""
"15.3",""
"15.4",""
"15.5",""
"15.6",""
"15.7",""
"15.8",""
"15.9",""
"15.10",""
