Th√©matiques,"Cyclop","GreenITfr",Evaluation
1,"9","5101",
1,"10","5102",
1,"11","5103",
1,"12","5104",
1,"34","5105",
1,"13","5106",
1,"35","5107",
1,"36","5108",
1,"37","5109",
2,"1","5201",
2,"2","5202",
2,"3","5203",
2,"4","5204",
2,"6","5205",
2,"7","5206",
2,"8","5207",
3,"5","5301",
3,"14","5302",
3,"15","5303",
3,"16","5304",
3,"17","5305",
3,"18","5306",
4,"20","5401",
4,"21","5402",
4,"22","5403",
4,"23","5404",
4,"24","5405",
4,"25","5406",
4,"26","5407",
4,"27","5408",
3,"28","5409",
5,"29","5501",
5,"30","5502",
5,"31","5503",
5,"19","5504",
5,"32","5505",
5,"33","5506",
6,"38","5601",
6,"39","5602",
6,"40","5603",
6,"41","5604",
6,"42","5605",
7,"43","5701",
7,"44","5702",
8,"45","5801",
8,"46","5802",
8,"47","5803",
8,"48","5804",
8,"49","5805",
8,"50","5806",
